{
    "id": 510,
    "name": "Element 119 Uue",
    "author": "HommaS",
    "creators": ["HommaS"],
    "verifier": "S3RF",
    "verification": "https://www.youtube.com/watch?v=Odj_8e4pX-0",
    "percentToQualify": "62",
    "difficulty": "Extreme Demon",
    "skillset": "Cube, Timings",
    "records": [
        {
            "user": "GreenCat",
            "link": " https://www.youtube.com/watch?v=16IkqhnKq3Q&ab_channel=Damnned",
            "percent": 100,
            "enjoyment": "?"
        },
	{
            "user": "Slopes",
            "link": "https://youtu.be/0vDgDxHSVHc",
            "percent": 100,
            "enjoyment": "?"
        }

    ]
}
