{
    "id": 410,
    "name": "Program",
    "author": "Axzyr",
    "creators": ["Axzyr"],
    "verifier": "Noctal",
    "verification": "https://www.youtube.com/watch?v=rT_wkEoNbHY",
    "percentToQualify": "57",
    "difficulty": "Extreme Demon",
    "records": [
	{
            "user": "S3RF",
            "link": "https://youtu.be/YEBuZp81ke0",
            "percent": 100,
            "enjoyment": "?"
        },
	{
            "user": "Axzyr",
            "link": "https://youtu.be/C9Z__M-AOI8?si=Fac8ly5PkZJUCHJu",
            "percent": 100,
            "enjoyment": "?"
        }

    ]
}
