{
    "id": 246,
    "name": "Tangerine Tantrum",
    "author": "Axzyr",
    "creators": ["Axzyr"],
    "verifier": "Axzyr",
    "verification": "https://www.youtube.com/watch?v=kIuyVDbFcqY",
    "percentToQualify": "100",
    "difficulty": "Hard Demon",
    "records": [
        {
            "user": "GreenCat",
            "link": "",
            "percent": 100,
            "enjoyment": "?"
        },
	{
            "user": "mauri",
            "link": "https://youtu.be/WBMdVBvGRdg",
            "percent": 100,
            "enjoyment": "7"
        }

    ]
}
