{
    "id": 754,
    "name": "Wulfrum Status",
    "author": "mauri",
    "creators": ["mauri"],
    "verifier": "mauri",
    "verification": "https://youtu.be/ObTUYbhFaDE?si=UoVaG2SJ7UjMSfPx",
    "percentToQualify": "100",
    "difficulty": "Insane Demon",
    "skillset": "Wave",
    "records": [
{
            "user": "MechanicGD",
            "link": "",
            "percent": 100,
            "enjoyment": "?"
        },
{
            "user": "Slopes",
            "link": "https://youtu.be/Q-fZBMoRzwo",
            "percent": 100,
            "enjoyment": "?"
        }
    ]
}
